"id","prediccion"
NA,5.08302709818775e-13
3927251,4.01082752432558e-06
3927201,0.774587094783783
3925501,0.092006728053093
NA,5.08302709818775e-13
3924551,0.999655723571777
3924301,0.092006728053093
3924151,0.997368693351746
3923901,2.84775694581185e-07
3923101,0.774587094783783
3922701,1.78102595782548e-07
NA,5.08302709818775e-13
3921551,0.997368693351746
3921301,7.09403047949309e-06
3920751,7.73323349800847e-10
3920201,0.000354307441739365
NA,5.08302709818775e-13
NA,5.08302709818775e-13
3919351,2.29523521966257e-07
3918651,0.774587094783783
3918051,0.774587094783783
3917201,0.010506784543395
3916551,0.985662043094635
3916951,4.83746004950429e-14
3916051,1.89685738405387e-06
3914951,0.00280995550565422
3914701,0.774587094783783
3914251,9.17800061870366e-05
3913801,0.092006728053093
3913351,0.774587094783783
3913401,0.774587094783783
NA,5.08302709818775e-13
3913001,0.092006728053093
NA,5.08302709818775e-13
3902251,0.0297321565449238
3910301,0.774587094783783
3909701,0.000116599469038192
3908301,5.21221503457792e-11
NA,5.08302709818775e-13
NA,5.08302709818775e-13
3906901,0.000201256363652647
3906401,0.00017894638585858
3905601,1.17356439659488e-05
3904801,5.40618114511227e-13
3903901,6.0997099353699e-05
3904151,3.21864849226264e-13
3671701,1.42230636990259e-11
3903301,3.36066875661345e-07
NA,5.08302709818775e-13
3900001,2.13882049138192e-06
3901451,0.000883715460076928
3901301,1.27812636776387e-12
3899701,0.00404277490451932
NA,5.08302709818775e-13
NA,5.08302709818775e-13
3898201,7.03803660316582e-13
3897701,0.092006728053093
3897401,1.00529945257222e-07
3896301,0.000732874847017229
3896451,0.351527631282806
3896601,3.64126923058095e-10
3896551,1.21389887031143e-09
3895951,0.774587094783783
3895701,3.89280415902249e-07
3893951,0.092006728053093
3893101,0.000539030646905303
3893001,0.774587094783783
3891701,0.0711984038352966
3891501,0.0675585269927979
NA,5.08302709818775e-13
3890101,3.98161591874668e-06
NA,5.08302709818775e-13
NA,5.08302709818775e-13
NA,5.08302709818775e-13
3886251,1.33823516534903e-06
NA,5.08302709818775e-13
NA,5.08302709818775e-13
3884601,0.1527930945158
3883901,1.84595353402983e-06
3883551,0.00193832314107567
3883351,7.71979255151899e-14
3882201,0.00535342795774341
3882001,0.000153064625919797
3882051,7.18417061951193e-11
NA,5.08302709818775e-13
3881251,5.21221503457792e-11
3880251,0.774587094783783
3880051,2.73171671949513e-08
3879951,9.65056533459574e-05
3879701,0.000479428796097636
3707851,1.87261939572636e-05
3879101,0.092006728053093
3878401,0.774587094783783
3877901,0.142166808247566
3877201,1.5819772575254e-11
3868101,1.6134853453309e-09
3567501,3.4942835291929e-09
3872351,0.092006728053093
3870451,0.092006728053093
3870001,1.3486111072325e-07
NA,5.08302709818775e-13
3868851,1.83576423751219e-06
3867951,5.40286018804181e-05
3868001,7.09403047949309e-06
NA,5.08302709818775e-13
3866301,1.75735249285935e-06
3866051,3.6451547202887e-06
3865301,0.000142431177664548
3864651,0.092006728053093
NA,5.08302709818775e-13
3861901,0.00299867219291627
3861701,0.000162676064064726
NA,5.08302709818775e-13
3861001,0.774587094783783
3860701,0.024752439931035
3860651,8.41287484121267e-10
3860451,4.60139955651973e-13
3859901,6.36528718622742e-10
3859851,0.594640254974365
3859601,1.01946961983401e-09
3859401,1.01946961983401e-09
NA,5.08302709818775e-13
NA,5.08302709818775e-13
3857451,0.774587094783783
3857201,3.13100037949938e-17
3854451,0.000344012427376583
3856301,0.092006728053093
3855751,2.20783779442384e-14
3855451,3.54183066519909e-06
NA,5.08302709818775e-13
3854551,9.1796678702849e-08
3854351,0.220914229750633
3854301,0.774587094783783
3853701,1.20913720286491e-15
3851451,0.000120097312901635
3851001,0.00403972342610359
3850701,0.00248328875750303
3850601,0.774587094783783
3850201,9.24287960515358e-05
3849651,0.000479428796097636
NA,5.08302709818775e-13
NA,5.08302709818775e-13
3848401,0.774587094783783
3847501,0.00124685349874198
3847351,0.00013755465624854
NA,5.08302709818775e-13
3846451,0.774587094783783
3845501,1.42514884442224e-12
3845301,1.65525904094466e-08
3844801,5.25625940342445e-12
3843751,0.00687997089698911
NA,5.08302709818775e-13
3843201,0.774587094783783
NA,5.08302709818775e-13
NA,5.08302709818775e-13
3841551,0.997368693351746
3841201,0.000351948721799999
3841801,0.092006728053093
3841051,2.96366020613448e-09
3840701,0.774587094783783
3839501,0.992373049259186
3838351,2.09628425729136e-10
3837501,3.54183066519909e-06
3837451,0.774587094783783
3836751,0.0016338829882443
NA,5.08302709818775e-13
3835901,3.65956439054571e-05
3835301,0.127306655049324
3834501,2.03717057112307e-10
3834401,0.998565852642059
NA,5.08302709818775e-13
3834151,0.774587094783783
3833301,0.000539030646905303
NA,5.08302709818775e-13
3831751,0.998933732509613
3831401,0.774587094783783
3830151,8.46252987685148e-07
3829451,1.54321890022402e-06
NA,5.08302709818775e-13
NA,5.08302709818775e-13
3828351,0.926275372505188
3828451,0.000539086933713406
3828001,1.1384860272301e-06
3826151,0.774587094783783
3825251,0.0611739754676819
3823601,7.46437592624716e-07
3823901,0.0157195199280977
3823551,0.999967455863953
3823351,1.3424465261213e-13
3821551,0.193021342158318
3822101,3.8182818018484e-10
NA,5.08302709818775e-13
NA,5.08302709818775e-13
NA,5.08302709818775e-13
3820951,3.19522696372587e-05
3820701,0.999999403953552
3820101,0.997368693351746
3819701,0.000883715460076928
3819301,1.37180286401417e-05
3819201,0.999655723571777
NA,5.08302709818775e-13
NA,5.08302709818775e-13
NA,5.08302709818775e-13
NA,5.08302709818775e-13
3813251,0.000595084275119007
3813601,0.445036172866821
NA,5.08302709818775e-13
3809951,0.94451916217804
3809201,7.18085800599511e-07
NA,5.08302709818775e-13
3808401,3.68417119034348e-07
NA,5.08302709818775e-13
NA,5.08302709818775e-13
3806551,0.000158971757628024
3806201,0.00235420698300004
3805751,5.34588434675243e-05
3805301,1.49740273513999e-08
3804951,0.83267468214035
3804851,0.092006728053093
3804351,0.092006728053093
3804051,0.871857464313507
3803901,0.092006728053093
NA,5.08302709818775e-13
NA,5.08302709818775e-13
NA,5.08302709818775e-13
3801151,4.44196623927695e-10
NA,5.08302709818775e-13
3800151,0.092006728053093
3799751,0.0447290614247322
3799701,0.1527930945158
3799051,0.774587094783783
3799001,0.656663477420807
3798251,0.0461544170975685
NA,5.08302709818775e-13
3797401,1.74594547138784e-16
NA,5.08302709818775e-13
3796901,1.42044385142981e-07
3796051,0.998014450073242
3794601,0.000813343387562782
3793551,1.10606732661722e-08
NA,5.08302709818775e-13
3789451,3.42290040862281e-05
3791001,1
NA,5.08302709818775e-13
3789301,0.00573780108243227
NA,5.08302709818775e-13
NA,5.08302709818775e-13
3788101,0.378352373838425
NA,5.08302709818775e-13
NA,5.08302709818775e-13
3787651,0.0169218201190233
3787101,0.0169218201190233
NA,5.08302709818775e-13
NA,5.08302709818775e-13
3785651,0.975840628147125
NA,5.08302709818775e-13
3784251,3.71092886237642e-13
3784151,4.17525711782218e-08
NA,5.08302709818775e-13
NA,5.08302709818775e-13
NA,5.08302709818775e-13
3782451,0.998353600502014
3781701,0.000883715460076928
3782651,1.72357943029056e-07
3780951,0.598682880401611
3780501,0.00368862762115896
3779201,0.989252746105194
3778951,0.621935725212097
NA,5.08302709818775e-13
3777501,1.81299452447353e-12
3776701,0.823370635509491
3776401,4.65897028334439e-06
3775401,1.84961143623319e-10
3774901,1.55711749917631e-12
3773901,7.54894410870399e-12
3773951,1.5819772575254e-11
3772451,0.00548730697482824
3772201,0.000203640840481967
3772101,2.81968996762583e-11
3770151,3.11574382294566e-07
3769801,0.000162676064064726
3591401,5.01201884617331e-06
3768351,0.999897241592407
3766601,2.06223194254562e-06
3766351,0.092006728053093
3766251,4.17443891953528e-11
3764901,0.092006728053093
3764401,0.907303988933563
3764051,0.354685693979263
3764201,0.0406166575849056
3763701,0.720721364021301
3763551,6.18021245291089e-10
NA,5.08302709818775e-13
3761901,0.00124685349874198
3761851,1.00504060185358e-07
3759251,0.87296199798584
3757301,0.000204240132006817
3757051,0.00478437496349216
3756801,8.63053895017174e-09
3756701,0.378352373838425
3756751,0.0106930313631892
3756401,0.00017568760085851
3755951,1.47686193940899e-06
NA,5.08302709818775e-13
3755051,0.0157195199280977
NA,5.08302709818775e-13
3754401,5.48318389390762e-13
NA,5.08302709818775e-13
NA,5.08302709818775e-13
NA,5.08302709818775e-13
3753151,0.0406166575849056
3753051,0.0106930313631892
NA,5.08302709818775e-13
NA,5.08302709818775e-13
NA,5.08302709818775e-13
NA,5.08302709818775e-13
3752351,0.000178541100467555
3750101,0.918117761611938
3751151,3.54183066519909e-06
3749451,0.013075927272439
NA,5.08302709818775e-13
NA,5.08302709818775e-13
3748151,0.832661330699921
3748101,0.000120097312901635
3747751,1.50597456727297e-09
3745201,0.00230300729162991
3744401,0.996213972568512
NA,5.08302709818775e-13
NA,5.08302709818775e-13
2426051,1.83506205786443e-08
3741201,0.000204240132006817
3705251,3.01511900033802e-05
3740551,5.4005059979545e-08
3739551,0.984792113304138
3738551,0.113388694822788
3738401,0.774587094783783
3738001,0.000153764893184416
3737851,0.000515993568114936
3736051,1.754241384333e-05
3735901,0.7804074883461
3735751,0.000567387090995908
3735151,0.000501123140566051
3735801,3.27213037098172e-20
3735201,0.000253479520324618
3734901,0.70516699552536
3733651,1.93949517779402e-06
3733701,0.000863554771058261
3733551,2.96366020613448e-09
3733501,9.94196391879143e-11
3733051,7.47394715561178e-11
3732501,1.01946961983401e-09
3732151,0.999836921691895
3728351,0.00124685349874198
3727751,6.92029570927843e-05
3725801,0.664535701274872
3725751,3.34828946506605e-05
3724951,0.0157195199280977
3724301,3.60264971277502e-06
3723701,4.53631309937919e-06
3724051,0.00548730697482824
3723501,1.02924635481116e-09
3723351,3.54183066519909e-06
3722901,0.00108243268914521
3721701,0.774587094783783
3721251,8.35560898249099e-10
3721101,0.0406166575849056
3720351,6.21379854237603e-08
3719951,0.971605896949768
3718451,0.00573780108243227
3718351,0.999993443489075
3717401,1.27865916842835e-14
3716551,3.38046868275654e-10
3715551,3.86069477826823e-05
3711651,0.00031186654814519
3711501,0.774587094783783
3709301,0.000591979129239917
3709151,0.992566347122192
3708501,4.10546041607063e-10
NA,5.08302709818775e-13
3706451,0.971284151077271
3704951,0.000120097312901635
3704301,7.19236322765937e-06
3703251,5.4005059979545e-08
3702501,0.205195888876915
3667201,1.083202278096e-05
3697651,0.00361033622175455
3697351,3.19522696372587e-05
3697201,0.887177109718323
3696751,0.999655723571777
3694401,9.53960807237308e-07
3693951,0.0474776215851307
3693901,7.04347302704633e-10
3693651,0.00548730697482824
3693551,0.999655723571777
3692751,0.823370635509491
NA,5.08302709818775e-13
3690251,0.00130761147011071
3690201,0.00573780108243227
3689451,0.00089236005442217
3689551,0.30351847410202
3689401,3.36102381481851e-08
3688851,0.989171922206879
3688901,6.00630156721849e-10
3688801,1.61088458128233e-08
3687901,0.997368693351746
3686301,0.997368693351746
3684151,7.85657672253137e-09
3680301,0.820035636425018
3676951,0.997368693351746
3676401,1.64980594290209e-12
3674751,0.00104095204733312
3674201,2.33669339303258e-13
3670851,0.00130713079124689
3670651,0.954334735870361
3668251,0.385086953639984
3665351,5.17912212671945e-06
3665301,3.14743517978045e-14
3665401,6.77611994293059e-11
3658851,1.75845379999373e-05
3661401,0.00529000861570239
3659951,4.22120137955062e-05
3658101,0.000120097312901635
3657301,8.29824841730442e-07
3655301,0.998293578624725
3653751,0.00010257199028274
3652351,0.998293578624725
3651401,0.000238815016928129
3651551,0.952138960361481
3650601,6.7334326558921e-08
3650151,0.378352373838425
3648851,0.00573780108243227
3648301,0.823370635509491
3645401,0.0157195199280977
3643401,7.14609849159636e-14
3642751,2.04719938778908e-07
NA,5.08302709818775e-13
3640151,3.54183066519909e-06
3638801,0.00336277461610734
3637201,2.24128584136452e-07
3636151,0.000239784450968727
3635251,0.000161950039910153
3632401,0.00872469879686832
3625701,0.0971742197871208
3624351,0.0406166575849056
3624301,0.998355329036713
3623751,4.93900461151497e-06
NA,5.08302709818775e-13
3622751,3.54183066519909e-06
3622651,1.0330643675574e-12
3622801,0.00030129004153423
3622701,0.00124685349874198
3622001,3.72322205066666e-07
3621151,0.0406166575849056
3620351,0.163672745227814
3620151,3.54183066519909e-06
3619551,3.54183066519909e-06
3619651,0.157370194792747
3619601,0.000120097312901635
3619301,0.00124685349874198
3619151,3.54183066519909e-06
3619251,0.598731279373169
3619201,0.89353334903717
3618651,3.27584368051831e-14
3618351,1.21862072433032e-07
3617851,8.07069255870374e-08
3617801,3.54183066519909e-06
3617551,0.122771851718426
3617301,1.14020685941796e-05
3617201,8.78539907489539e-09
3616751,0.000239784450968727
3616801,2.04324601682515e-09
3616851,0.798205196857452
3616601,8.91262516233837e-07
3616051,3.54183066519909e-06
3616101,8.03453531261766e-06
3615551,8.07318727424899e-08
3615901,1.1415068001952e-07
3615951,0.151775822043419
3616001,0.00573780108243227
3615001,3.54183066519909e-06
3615101,0.0406166575849056
3614651,1.22380061640115e-08
2844201,0.78682154417038
3613951,3.54293570126174e-06
3613451,2.36290915722748e-08
3613401,0.102936156094074
3613251,0.832661330699921
3611801,0.0015914177056402
3612751,0.0027183520141989
3612251,0.00548730697482824
3611751,0.024346211925149
3611301,0.0209157336503267
3610301,0.00548730697482824
3610201,1.16156144258639e-07
3610251,5.93978214667383e-17
3609551,0.999912142753601
3609451,3.00020360555209e-06
3608701,1.4247704882564e-07
3608751,2.60789541073336e-08
3608301,5.34625890225016e-08
3607951,4.17525711782218e-08
3607501,0.0131987342610955
3607251,0.99959796667099
3606901,0.0027183520141989
3606601,1.21390586471648e-09
3606451,2.88009091402308e-14
3606301,0.000162676064064726
3606201,3.19522696372587e-05
3606101,1.1415068001952e-07
3605451,4.16098693278855e-08
3604951,2.74724953897021e-09
3604901,1.00504060185358e-07
3604851,0.00573780108243227
3604801,0.000741506984923035
3604251,0.163672745227814
3604201,0.00573780108243227
3604301,0.00806791242212057
3604001,0.00806791242212057
3603601,0.0192605331540108
3603951,9.79025062406436e-05
3603451,0.00573780108243227
3603501,1.24547823825946e-17
3603001,1.14083860580649e-07
3603051,0.973018765449524
3602801,0.412581235170364
3602751,0.000257161591434851
3602501,0.973018765449524
3602351,0.0406166575849056
3602451,6.01583183268417e-09
3602401,0.412581235170364
3601701,3.78231488866732e-05
3602001,0.122771851718426
3601901,0.122771851718426
3601501,0.0027183520141989
3601551,1.41610526043223e-05
3600601,9.47130217809899e-07
3600651,8.89106767810316e-15
3600201,0.00573780108243227
3600151,0.900351405143738
3599901,0.0027183520141989
3599451,0.00512871937826276
3599351,1.42458320624428e-05
3599301,5.34625890225016e-08
3599001,1.72357943029056e-07
3599051,2.74502554020728e-06
3598751,3.6241756817823e-10
3598001,3.65226405847352e-05
3597551,3.57907119905576e-05
3597601,4.04383223575982e-17
3597251,6.70642748445971e-06
3597151,2.02782393898815e-06
3596351,9.80625554802828e-05
3595051,3.54183066519909e-06
3595001,0.000239784450968727
3594751,0.999989032745361
3594451,3.80225344542851e-08
3593701,0.74615490436554
NA,5.08302709818775e-13
3592601,8.91262516233837e-07
3592451,1.70742521277134e-06
3592301,0.000122892233775929
3592251,1.89118078836037e-11
3590151,0.000120097312901635
3589651,0.0763148590922356
3589251,0.000701952259987593
3589301,1.41610526043223e-05
3589051,0.999424695968628
2868351,0.00010269461927237
3588001,5.13697635540211e-08
3586051,6.83446123730391e-05
3588501,3.54183066519909e-06
3588551,3.54183066519909e-06
3583251,9.25313436983544e-11
3583501,0.972031891345978
3582901,0.0149137023836374
3582451,1.6134853453309e-09
3582651,0.999773561954498
3582351,0.973018765449524
3581701,0.00687997089698911
3578251,0.0137003883719444
3577951,1.18680905103474e-08
3051651,0.105970397591591
3570551,0.0147776510566473
3567551,9.78654952632496e-07
3562801,0.000107763000414707
3561101,1.82401947768085e-06
3559451,1.32298197286218e-07
3560001,0.00017894638585858
3558451,0.400637000799179
3558351,3.36924131261185e-06
3558201,2.686449326883e-11
3557701,0.672420144081116
3556551,0.000322834210237488
3556051,3.23225947340688e-07
3555551,2.99095792577475e-09
3553701,1
3553651,9.67218554137617e-08
3553751,1.76091432990688e-07
3553301,0.00581802846863866
3553251,3.76736741304097e-14
3552601,3.47976616410506e-08
3550551,1.73951789861349e-07
3548901,0.0191526133567095
3548201,0.0071675069630146
3548251,7.19310446584132e-06
3547801,0.000173047606949694
3547251,0.0558188147842884
3546151,0.00102779956068844
2829351,0.000172885149368085
3543751,1.09853510821267e-06
3543701,1.19888420613279e-06
3542401,4.07802791535516e-10
3542101,2.21606510919514e-10
3541501,7.75579792389181e-06
3541551,4.44036096780565e-08
3540801,0.991501450538635
3168301,1
3539501,6.45783537756017e-10
3539151,5.09352673816466e-07
3539051,2.14176156987378e-06
3532251,1.60985802466485e-09
3529651,9.34826687171153e-08
3527801,1.01965812637946e-13
3527851,1.1636958063832e-09
3527001,0.624263226985931
3525701,3.21371330561744e-15
3525651,3.52233683997838e-07
3523051,0.999492526054382
3522301,6.74857281168784e-10
3517801,5.14649904914677e-08
3517351,1.36400965985295e-15
3516451,0.000171351974131539
3516101,0.0196307897567749
3515501,0.914691746234894
2920951,0.14308774471283
3511501,0.00309317489154637
3509801,3.94102129568112e-17
3508701,0.00152068876195699
3508001,3.32111994794104e-07
3507951,3.0161759756453e-09
3506651,1.54840293364877e-10
3505201,1.19468859338667e-06
3502901,9.0891499882062e-10
3502601,0.0483710244297981
3502501,0.968633115291595
3502451,6.85050679294363e-07
3502401,0.0200092196464539
3502251,0.173520103096962
3501051,0.992064297199249
3500801,9.49162495089695e-05
3499651,8.1419142361483e-07
NA,5.08302709818775e-13
NA,5.08302709818775e-13
NA,5.08302709818775e-13
NA,5.08302709818775e-13
3498001,0.000394199450965971
3497851,0.000122793251648545
3497451,0.000727829115930945
NA,5.08302709818775e-13
NA,5.08302709818775e-13
NA,5.08302709818775e-13
NA,5.08302709818775e-13
3493051,1.14353906610631e-05
3492851,1.61823154876117e-09
3490551,3.44732176138507e-09
NA,5.08302709818775e-13
NA,5.08302709818775e-13
3489751,1.20326599399102e-15
NA,5.08302709818775e-13
NA,5.08302709818775e-13
3489401,2.0664153908001e-06
3488851,6.85619284013228e-07
3486951,3.30972688971087e-05
3486751,6.5354726075384e-08
3486401,1.34036815779837e-06
3484051,3.24369125337398e-07
3484101,5.05083778620796e-12
3483001,9.4908291430329e-06
3482951,1.34032970890985e-05
3482401,1.6052871032457e-08
3479801,1.6052871032457e-08
3479751,0.999978542327881
3477851,9.19688432077237e-07
3476201,1.0576197036205e-11
3474951,0.0113643873482943
3474201,3.8542125935237e-07
3473701,3.95325785995659e-12
3473651,2.93738949270848e-17
3472651,1.00645593192894e-06
3472551,5.56254642347653e-09
3470701,0.628620445728302
3470351,2.99207728905737e-12
3470751,0.000538636464625597
3468951,1.48879988198791e-11
3468401,6.87149181999303e-08
3466001,9.09832972850744e-13
3193951,4.49833816029699e-11
3461251,3.23225947340688e-07
NA,5.08302709818775e-13
3459751,0.000173047606949694
3459151,0.00372387329116464
NA,5.08302709818775e-13
3458351,0.000855405756738037
3457951,5.88890186614677e-11
NA,5.08302709818775e-13
NA,5.08302709818775e-13
3457101,0.0212941784411669
3456951,5.35645424635254e-16
3456751,0.017671924084425
3456201,1.2556701511901e-10
3455551,0.333045721054077
3454651,3.23225947340688e-07
3454351,0.000528138480149209
3453801,0.0785167142748833
3453201,0.00781825929880142
3453151,0.694766283035278
3452051,0.000114600901724771
3451401,0.0976986438035965
3451501,2.84189035151816e-12
3449251,0.000173047606949694
3447901,0.267065286636353
3447551,2.0774224562814e-09
3445501,5.19769605134002e-09
3444951,1.60173529994978e-09
3441901,0.841189742088318
NA,5.08302709818775e-13
NA,5.08302709818775e-13
3435751,0.00925399083644152
3435551,2.5854157570393e-07
3434951,0.00561906676739454
3434751,2.92141555087791e-13
3433251,7.19310446584132e-06
3432251,0.00108243268914521
3432001,2.74338763511794e-11
3432051,0.930921673774719
3431751,0.000517830427270383
3431601,3.65456344297854e-06
3431051,3.12291188189154e-14
3430951,0.620991706848145
3430601,4.66533833787253e-09
3429951,5.30264114786405e-05
3429601,7.19310446584132e-06
3429151,1.83227858985269e-15
3429051,0.112871684134007
3428901,7.19310446584132e-06
3428401,0.972123682498932
3427601,7.19310446584132e-06
3427201,0.999850153923035
3427001,7.19310446584132e-06
3426601,3.07339682592556e-08
3426401,7.19310446584132e-06
3426251,2.07248989156231e-14
3425301,4.15627532390772e-08
3425101,0.00108243268914521
3425051,5.03451133226918e-07
3424701,0.00108243268914521
3424801,1.34333619783433e-08
3424451,0.00108243268914521
3424301,0.999796450138092
3424151,0.00108243268914521
3423851,0.000183816460776143
3422351,1.42187511764647e-11
3422151,7.19310446584132e-06
3421801,1.8802997353573e-12
3421451,1.34333619783433e-08
3421101,7.19310446584132e-06
3420351,3.32705976484327e-12
3420401,1.56664526684835e-07
3418751,2.31061108024733e-07
3418251,0.96977287530899
3416401,2.31061108024733e-07
3415651,1.34333619783433e-08
3415501,0.163672745227814
3414201,3.06127708427084e-06
3413801,1.02628011832738e-21
3413751,7.19310446584132e-06
3413101,7.19310446584132e-06
3412551,0.568787157535553
3412251,1.79920527898503e-06
NA,5.08302709818775e-13
3410801,0.904289305210114
3410651,0.00806791242212057
3410601,1.34333619783433e-08
3409901,0.00493546016514301
3409451,2.35881615210189e-19
3408751,1.34333619783433e-08
3407601,0.0128103857859969
3406701,6.98282431876862e-10
3402751,1.82523732239481e-10
3402651,1.84635262460647e-16
3402501,7.19310446584132e-06
3401701,2.26478905074323e-12
3401201,6.19183632317999e-13
3401251,2.44703297624937e-08
3401001,7.19310446584132e-06
NA,5.08302709818775e-13
3400301,9.60221553420078e-14
3399951,6.75057963235304e-05
3399501,1.36797965033717e-16
3399551,1.34333619783433e-08
3399251,1.34333619783433e-08
3397451,0.0102274725213647
3396251,1.82371059054276e-05
3395951,2.22733778035972e-13
3395801,6.80405124603434e-12
3394801,5.21437541465275e-05
3394301,4.74666052990846e-12
3393651,0.436211735010147
3392451,1.33805144741928e-06
3392351,0.00690037338063121
3392251,2.59538236266654e-18
3389951,9.47969946051214e-16
3389451,0.914691746234894
3388751,0.999961018562317
3388401,1.27757730455956e-28
3386101,2.99760352174064e-14
3386001,0.914691746234894
3385751,0.21416749060154
3383001,0.914691746234894
NA,5.08302709818775e-13
3381951,0.0196307897567749
3381051,0.996454119682312
3378001,0.0260936859995127
3377401,7.31657928687568e-11
3375901,1.02906244592305e-06
3373701,0.999995708465576
NA,5.08302709818775e-13
3370251,1.52493305449752e-06
3370151,0.00641036918386817
3369601,0.996424973011017
3369451,0.742587625980377
3368051,0.000239784450968727
3367451,1.13772275653901e-05
NA,5.08302709818775e-13
3365151,0.349559128284454
3363301,3.32047280296455e-12
3362301,0.0520035959780216
3360701,2.64049339356286e-16
3354951,0.85935765504837
3352951,0.00602506939321756
3352451,0.834931552410126
3349801,7.21695760148577e-05
3349701,3.27078487316612e-05
3344651,0.00109793071169406
3344351,0.000244346709223464
3341101,3.38416575687006e-05
3335401,4.24024981793281e-11
3334951,1.92034704582511e-07
3334051,0.000187710771569982
3332451,3.11364703551448e-13
3329551,0.0172131322324276
NA,5.08302709818775e-13
NA,5.08302709818775e-13
3328451,1.52353786688764e-05
3321201,2.64300272866911e-16
3320001,1.28508736452204e-05
3319501,2.00168710762227e-06
3319051,0.000170412968145683
3318501,0.395035594701767
3318701,2.85651640297147e-05
3317251,0.000233356011449359
3317101,2.4466930217959e-11
3316701,3.27078487316612e-05
3314451,0.000664309249259531
3314051,0.000243795657297596
3312701,1.47258464590283e-17
NA,5.08302709818775e-13
3311301,0.000683263991959393
3310351,1.23017485975652e-07
NA,5.08302709818775e-13
3310001,0.999989628791809
3309851,3.2993451171979e-18
3308801,0.00968748889863491
3308251,2.27708551392425e-06
3307301,1
3306701,1.06211963668557e-07
3306351,0.883450865745544
3305651,0.999892115592957
3305501,0.0166739355772734
3305151,1.58867641264493e-09
3302351,4.54538530902937e-06
3301101,2.07545004871715e-24
3300801,3.29619112715308e-16
3298301,3.10164489244285e-20
3297551,3.76092655116611e-22
3293751,1.25305814435706e-05
3293401,0.0910952612757683
3292801,4.17689370806329e-05
3292251,7.09147185418146e-11
NA,5.08302709818775e-13
3291951,0.0114018153399229
3289751,0.982010781764984
3289251,3.70547077466199e-08
3288951,8.37758580018999e-06
3288801,0.969345450401306
3288751,6.16538287437352e-12
3288601,0.00760280713438988
3288551,3.8081128927063e-18
3288351,0.0032599123660475
3286751,3.41422147912743e-18
3286201,4.29457650170662e-05
3283851,2.37174685935315e-06
3282501,1
3282251,0.790424764156342
3281501,1
3281201,0.999845147132874
3279451,2.79990503004868e-10
3279601,3.41719587171766e-16
3279151,0.38667169213295
3278501,0.967663049697876
3278101,0.000112045468995348
3278051,4.86077977868149e-09
3277701,0.0239979047328234
3274951,1.17391572603056e-19
3274901,0.217139035463333
NA,5.08302709818775e-13
NA,5.08302709818775e-13
3273051,0.00241206167265773
3273301,1.01612285252628e-09
3272851,9.80650890353152e-12
3272601,0.000308768154354766
3272251,0.217139035463333
3271001,0.999412775039673
3270551,0.0695113763213158
NA,5.08302709818775e-13
3269401,4.40511778191453e-19
3204951,3.70463396848209e-07
3268651,1.68574388226261e-05
3267851,3.78627218466931e-09
3267451,7.7095002382066e-08
3267251,4.16517508146624e-14
3266851,4.64006194578204e-10
2506001,0.00774662895128131
3266501,3.44279316020854e-21
3266201,2.31251160585089e-05
3265401,0.0431563593447208
3265551,1.50608501364724e-11
3264101,0.0317852087318897
3263651,1.98489336078467e-09
3261951,3.51383944163786e-09
3261301,0
NA,5.08302709818775e-13
3260351,7.75778533954186e-18
3258951,2.299431563457e-20
3258051,2.47280418363971e-09
3257601,6.09131177498057e-07
3256801,1.83706417176841e-24
3256101,0.0102603137493134
NA,5.08302709818775e-13
3253751,1.47258464590283e-17
3253401,0.999853491783142
3253301,1.93871611472995e-14
3252801,1.47258464590283e-17
3252301,3.31931830298667e-17
3251951,0.000538313877768815
3251301,0.989773213863373
3250751,0.448374599218369
3250701,0
3247051,1.59252860637351e-25
3244701,0.158410653471947
3244501,3.59192242048787e-28
3238951,1.20160059680074e-08
3238851,1.41628364174222e-14
3238751,3.59192242048787e-28
3237651,3.59192242048787e-28
3237301,1.73997348883272e-25
3237151,3.7805609835527e-22
3227951,0.997399806976318
3236901,5.46979013460718e-14
3236501,1.59252860637351e-25
3236351,2.86792856130091e-09
3236101,1.59252860637351e-25
3235801,7.13884529523214e-27
NA,5.08302709818775e-13
3234751,2.47949955651996e-14
3234551,8.921446160933e-29
3231701,9.23066263944787e-29
3232751,0.998017549514771
3231201,8.921446160933e-29
3231051,3.71707322699422e-08
3230401,1.21725688820104e-19
3229751,7.92384735603946e-09
3228901,1.29060302800538e-34
3226551,1.21725688820104e-19
3226401,1.21725688820104e-19
3224451,0.258142620325089
3223601,4.997974539407e-28
3223751,1.20830325657669e-14
3222851,3.23014916680728e-13
3222601,1.20830325657669e-14
3222301,0.0303113553673029
3221851,4.34920068269867e-18
3221051,1.20830325657669e-14
3219801,2.35379047808237e-06
NA,5.08302709818775e-13
3218101,1.8696361792081e-07
3217601,0.0715780779719353
3217201,1.59252860637351e-25
3216801,0.803359687328339
3215651,9.3278202939473e-08
3215551,0.123471818864346
NA,5.08302709818775e-13
3213001,9.58481836684877e-17
3213151,1.23960706500441e-22
3212251,1.21725688820104e-19
3212201,5.49597022803102e-20
3211751,1.23960706500441e-22
3210951,7.32609623810276e-06
3210851,1.41664006361113e-18
3210501,0.00105462619103491
3208551,0.00144600833300501
3208401,0.997208178043365
3208201,3.0788767814233e-23
NA,5.08302709818775e-13
3207301,8.81453601515175e-13
3205951,4.56685416479891e-13
3205601,1.42979303063839e-07
3205351,0.996075212955475
3205251,5.38202448296943e-06
3204801,0.16869144141674
3204551,0.000921097409445792
NA,5.08302709818775e-13
3203551,4.52842119358365e-09
3203251,3.32133986261039e-20
3202651,1
3202301,3.15800584110421e-22
3202001,2.32830874580259e-08
3201901,1.23960706500441e-22
3201701,2.05645420692235e-08
3201201,1.23960706500441e-22
3200851,5.49597022803102e-20
3199001,0.000109369786514435
3198351,0.216688051819801
3197901,0.161352708935738
3197201,0.00171330431476235
3196351,0.00236816890537739
3195251,1.47258464590283e-17
3194651,1.45540536777844e-06
3193751,4.04421797384202e-07
3193101,1.21725688820104e-19
3192901,1.47258464590283e-17
3192401,0.00713356677442789
NA,5.08302709818775e-13
3190001,1.75234703192473e-07
3188701,4.9188975809189e-11
3188101,0.0256177000701427
3187501,0.201005548238754
3187651,4.25327257858044e-08
3185801,1.27240669423402e-29
3185351,3.70003263583385e-08
3184551,3.25242586502756e-23
3184301,1.28720685097505e-05
NA,5.08302709818775e-13
3183101,0.00641355849802494
3182501,7.59810096784275e-12
3182001,1.586969162852e-12
3181751,0.000120464326755609
3181651,2.60235366589257e-09
3181301,0.00035743581247516
3180901,5.15694585957916e-19
3180451,1.71799297277175e-06
3179651,1
3179051,0.113036565482616
3178801,1.47258464590283e-17
3178501,3.32133986261039e-20
3178251,5.59679256184609e-06
3132601,7.97464381321333e-05
3176751,1.4349647869949e-07
3176251,7.12581731932005e-06
3175301,0.19322258234024
3173551,0.00385664729401469
3173501,0.000602415588218719
3161101,1.73319177982043e-23
3172301,3.06953959869064e-32
3170651,1.51833183170976e-26
3167001,6.67936663578716e-26
3166651,3.61837863748697e-15
3164151,2.41745837757656e-12
3163201,3.61837863748697e-15
3162751,5.6670764934097e-06
3162251,7.27429227964649e-11
3160701,0.000444584380602464
3160601,0.133031189441681
3160101,0.999990582466125
NA,5.08302709818775e-13
3158002,0.495440125465393
3157651,0.149626731872559
3157601,4.11424423418794e-08
3157301,1.14689864858519e-05
3156351,1.82207887666763e-10
3155651,0.000275066879112273
3155101,2.90223927975865e-16
3155001,9.10109054785835e-09
3152501,5.49065996477805e-23
3152101,6.0048161979567e-20
NA,5.08302709818775e-13
3151551,3.15800584110421e-22
NA,5.08302709818775e-13
NA,5.08302709818775e-13
3150701,9.36318372587021e-16
NA,5.08302709818775e-13
3148151,3.32133986261039e-20
3146901,5.49065996477805e-23
3144401,3.32133986261039e-20
3144301,5.66655966593999e-09
3143001,0.924956917762756
3142751,0.426226049661636
3142051,2.5844013683122e-14
NA,5.08302709818775e-13
3139651,1.79297372729206e-34
NA,5.08302709818775e-13
3138901,1.70449093275238e-05
3138551,3.70612565347983e-06
3138101,3.32133986261039e-20
3137451,1.07427316757449e-14
3137301,5.75598460272886e-06
3137151,8.46152904630726e-20
3136101,1.80198682642185e-08
3135551,8.73216020487591e-27
3135401,1.21815219408407e-21
3615151,9.28071230976713e-10
3134501,2.04160785499674e-11
3134301,1.58186181167808e-12
3134151,6.26895352306717e-15
3133351,6.81655510561541e-05
3132151,2.59405391620862e-27
3130901,3.32133986261039e-20
3129301,0.99986207485199
3129451,1.22814627391554e-14
3129151,0.0232651010155678
3128801,1.92697064766356e-14
3128551,0.0486512705683708
3126351,2.48071280416196e-16
3125101,3.20482276367681e-24
3124851,5.49065996477805e-23
3124451,0.972798645496368
3124101,1.47258464590283e-17
3122501,9.36318372587021e-16
3122351,6.85406931211219e-08
3122201,0.00046599842607975
NA,5.08302709818775e-13
3117851,0.00091140327276662
3116351,1.27722250553575e-08
3116601,2.54729620792205e-05
3115601,7.49621520412802e-08
3114851,1.16479629302756e-22
3113601,0.0260742194950581
3108851,1.78471473710751e-10
3107301,8.58276449910989e-10
3107201,2.4091854897391e-28
3105751,1.94398808162077e-07
3105651,6.16990680768481e-10
3105201,2.75015560231844e-23
3104651,3.35065316833778e-24
3104301,1.73461762642546e-06
3103251,4.91582810013824e-08
3101951,0.954914093017578
3101551,2.54356218562708e-18
3101001,0.000106248167867307
3100101,1.26802324302844e-05
2857251,1.30220842038398e-05
3096251,8.05827767180745e-06
3095501,0.00145010114647448
3092601,5.49065996477805e-23
3092101,1.9047395483085e-07
3091851,1.73953700836199e-12
3091451,5.10217546434433e-07
3088751,9.36761807679432e-06
3086801,5.49065996477805e-23
3086551,0.0850063860416412
3083001,2.85498317680322e-05
3081601,2.46368414722299e-21
3081401,8.4633668961942e-09
3080801,1.22461760347871e-16
3079901,0.999964952468872
3077651,5.75041514405683e-10
3077001,1.01107798413327e-37
3076951,4.81160250531687e-14
3076401,0.999248683452606
3075001,1.15118964936968e-24
NA,5.08302709818775e-13
3073351,2.51925825978105e-07
3072501,0.947546899318695
3071251,1.51684470539593e-10
3069901,5.62114310653783e-09
3069951,2.75015560231844e-23
3069751,0.00118760392069817
3069101,0.996592819690704
3068901,3.77705282517127e-06
3068751,2.75015560231844e-23
3068401,2.45419395413837e-19
3025801,2.86142115922711e-24
3067901,0.999996900558472
3066201,7.29117857645178e-07
3065151,2.75015560231844e-23
3062501,6.0048161979567e-20
3062301,8.22457310589719e-11
3061201,7.94787240465666e-08
3058351,1.23023824016855e-07
3058051,3.7902116341304e-12
3056701,2.79095322903884e-21
3056651,1.02557351056021e-05
3056051,3.73926413885783e-05
3054751,0.000510194222442806
3054451,5.49065996477805e-23
3054351,4.77456233056728e-05
NA,5.08302709818775e-13
3052151,0.00120741745922714
3051851,1.62737937183052e-26
3051051,1.97404332463735e-12
3049201,0.0733783096075058
3048751,0.00256585725583136
3048401,1.11303581455803e-20
3048201,1.99783012355681e-09
3048101,5.49065996477805e-23
3047901,0.0678965896368027
3047701,1.21815219408407e-21
3047401,3.42435305356048e-05
3046751,8.27846124984433e-11
3045701,5.49065996477805e-23
3044801,0.936196088790894
3043851,5.65929435950084e-15
3043501,0.984016418457031
3042751,2.89805888246077e-30
3042501,1.90105639462032e-16
3042351,3.82790040021064e-06
3042251,5.49065996477805e-23
3042101,2.00682762852011e-07
3041401,3.8749266707369e-22
3037751,3.23211732874062e-38
3037301,1.47258464590283e-17
3035501,0.999548971652985
3032951,0
3032751,1.74336765532207e-26
3032651,6.91689776222357e-23
3032151,4.53104223859337e-15
3032001,3.0788767814233e-23
3031751,4.21608824241471e-11
3030401,6.28254609794099e-13
3027201,1.24397558920464e-07
3023351,7.82464553419861e-21
3022651,1.44482254652051e-19
3021901,6.67839666675413e-34
3021451,2.11990758280933e-09
3020201,0.896976232528687
3021051,3.0788767814233e-23
3019851,8.32999879861127e-19
3018501,1.96133653827984e-22
NA,5.08302709818775e-13
3013801,5.06931598920346e-07
3013301,3.96868108509807e-06
3012951,4.47213229989862e-12
3012351,3.90109516956727e-06
3011001,1.63147148319549e-16
3010351,3.0788767814233e-23
3009851,2.45419395413837e-19
3009751,0.0483862347900867
3009651,9.45614883676171e-05
3009051,0.994301199913025
3007251,2.00951755235934e-12
3007001,7.66173964499543e-16
3002601,9.05991590343519e-14
3001201,1.07232890408565e-28
3000701,6.98615040164441e-05
3000501,0.999299049377441
3000301,2.89504661563078e-12
2999601,3.32133986261039e-20
2997601,0.00184577191248536
2997151,4.63558846494612e-24
2996751,0.207021236419678
2996051,2.75015560231844e-23
2995351,2.17379517164495e-10
2994451,0.901837468147278
2994151,3.82790040021064e-06
2993551,5.41835554201953e-08
2993451,7.56359072595636e-11
2992751,0.00515035958960652
NA,5.08302709818775e-13
2991901,5.55757608822205e-08
2991351,0.117793336510658
2990401,5.18796919486697e-13
2990201,9.05991590343519e-14
2990101,2.03610420612677e-06
2990001,0
2988951,1.47258464590283e-17
2988601,2.30300144874118e-30
2988651,6.48736968287267e-05
2988101,2.90779640836075e-20
2987951,4.71527346235234e-06
2987351,4.21114327545788e-27
2987201,2.64118931170287e-08
2986802,0.00111205689609051
2986501,1.7118399142646e-08
2986101,3.32133986261039e-20
2985351,0.999928832054138
2985251,4.96352633127674e-36
2985201,3.23211732874062e-38
2984501,3.45494081557263e-05
2984201,6.91689776222357e-23
2984101,3.07510120882773e-13
2982601,9.5520154286266e-11
2982351,9.37495406215274e-21
2980351,7.53705375888813e-10
2980201,7.96912402734051e-08
2979151,5.49065996477805e-23
2978601,7.28086482163631e-13
2978551,1.47258464590283e-17
2978451,3.32133986261039e-20
2977851,4.68459660396547e-07
2977451,4.04899434835494e-14
2977501,0.0527260713279247
2976951,5.50607520494672e-16
NA,5.08302709818775e-13
NA,5.08302709818775e-13
2975801,0.696665346622467
2975351,0.00111497659236193
2974601,3.50116122075153e-13
2973551,2.45452497438237e-06
2971451,0.0107488539069891
2971201,3.21260858981987e-06
2971101,7.10564237430904e-20
2970801,8.29663729139378e-34
2970601,3.32133986261039e-20
2968801,1.45837925069614e-10
2966951,3.32133986261039e-20
2966651,3.32133986261039e-20
2966201,1.47258464590283e-17
2966151,1.47258464590283e-17
2965501,7.36299554660036e-09
2964451,1.2490684042632e-09
2964151,1
2963751,1.11480837213785e-19
2963551,4.26936958008994e-10
2961951,9.36761807679432e-06
2961901,2.75015560231844e-23
2961551,2.88324940811435e-07
2827551,0.00576069159433246
2960151,0.966292560100555
2959201,4.52098419145841e-07
2957601,7.14080524630845e-05
2957651,2.14061200812547e-14
2955701,3.52487841617834e-22
2954501,0.000224217452341691
2954001,3.32133986261039e-20
2952051,2.75015560231844e-23
2950951,2.75015560231844e-23
2950502,3.24661111237673e-16
2949151,2.80340386321631e-11
2948701,5.49065996477805e-23
2947251,1.47258464590283e-17
2945751,1.37388312015774e-32
2944651,2.65986649372607e-10
2945151,1.06191719169146e-05
2944401,7.17337798050721e-08
2943701,0.0590538121759892
2943301,2.07907052584166e-25
2938301,0.0227402839809656
2939851,1.16479629302756e-22
2939401,9.37630611588247e-05
2938751,5.37053422566824e-11
2940351,1.42467491884187e-21
2934101,1.11522041148048e-20
2927501,1.47258464590283e-17
2927351,0.00138936715666205
2927151,7.74118096014131e-12
2925351,2.75015560231844e-23
2923851,5.33646671101451e-05
2923151,2.61666787082504e-06
2922851,2.75015560231844e-23
2922451,0.00141145696397871
2921851,4.23273604610586e-06
2921601,1.02394686507523e-07
2919701,9.37495406215274e-21
2918851,0.000184987293323502
2918351,9.27427190600127e-10
2917151,2.75015560231844e-23
2916701,2.75015560231844e-23
2916251,7.20592188756209e-15
2914751,1.56471461221913e-13
2914351,3.23290921810937e-10
2914001,3.44714083666542e-11
2911851,0.00168635637965053
2906501,2.75015560231844e-23
2906001,7.40882200034321e-09
2902151,1.59907799002212e-07
2898401,0.976353645324707
2896801,2.7430372209758e-11
2896851,6.38151505380144e-14
2893901,3.32133986261039e-20
2892001,4.21222212025896e-05
2891701,3.32133986261039e-20
2891401,1.47258464590283e-17
2890901,3.32133986261039e-20
2889751,0.00046339028631337
2888401,5.49065996477805e-23
2888301,1.41295219339803e-13
2887851,0.292830497026443
2887751,4.97376228744684e-13
2886801,5.49065996477805e-23
2886751,0.514116585254669
2886051,5.49065996477805e-23
2885651,2.7430372209758e-11
2885201,5.97312726623861e-13
2884451,2.75015560231844e-23
2884851,6.17613826747743e-09
2883901,0.998894155025482
2883251,3.32133986261039e-20
2882851,6.73758913762867e-05
2882301,2.52674071816728e-05
2882201,2.12301693152533e-15
2879301,3.96415485073159e-15
2876901,1.40353690232283e-18
2876501,1.27973598385012e-09
2876451,9.38051186949451e-07
2873051,0.495002895593643
2871201,1.47258464590283e-17
2870351,1.47258464590283e-17
2869151,3.32133986261039e-20
2869101,2.75015560231844e-23
2867251,3.32133986261039e-20
2859351,2.05801561257716e-27
2859001,1.48161785523861e-16
2858501,2.18053864955436e-05
2857301,1.47258464590283e-17
2844901,2.43859193191834e-18
2827451,0.99999988079071
2826551,0.91507762670517
2824201,3.32133986261039e-20
2816151,8.15627572592348e-07
2816201,1.84505563605164e-10
2815851,1.67223288168039e-12
2815301,7.00311813747745e-12
NA,5.08302709818775e-13
2812751,1.06093519386397e-11
2812801,0.000103279344330076
2812651,0.00167401519138366
2812501,0.00323863141238689
2811501,3.32133986261039e-20
2811601,0.564350605010986
2811301,2.75015560231844e-23
2811051,3.6010083803717e-11
2810801,2.75015560231844e-23
2810701,3.34766895093708e-07
2810551,6.48736968287267e-05
2810051,2.3324229917257e-13
2809451,0.822237610816956
2809051,2.1291238273168e-15
2808801,0.00196093250997365
2808851,7.46607402106747e-05
2808101,3.76438749221659e-21
2806751,8.10496785561554e-05
2805751,0.873357355594635
2805201,3.94078369936324e-08
2804201,3.21260858981987e-06
2800801,7.35721732780803e-06
2799101,5.88195553063997e-06
2798651,1.38102578262078e-07
2798101,4.88302362100512e-07
2797351,3.20738889606646e-18
2796501,6.56345434890682e-07
2796451,5.89610915646688e-10
2795951,4.51882016250238e-07
2794501,1.47258464590283e-17
2793151,0.994521379470825
2792701,1
2792351,0.140699610114098
2792051,0.891876995563507
2792001,1.64570838023792e-06
2791051,5.20452660915569e-22
2791001,2.75861885216668e-27
2790701,2.44223252732212e-10
2790351,0.00699934922158718
2790001,7.46607402106747e-05
2789751,3.215647552679e-07
2790101,1.94543096909694e-11
2789651,2.71359308356978e-08
2789501,1.47258464590283e-17
2788951,5.49065996477805e-23
NA,5.08302709818775e-13
2788551,1.47258464590283e-17
2788001,3.77274112558362e-13
2787751,0.283739894628525
2785951,0.0014404256362468
2785751,5.66516882827273e-06
2785801,3.83238883336356e-12
2784251,9.14190650291857e-07
2784001,0.000341173377819359
2783401,1.21815219408407e-21
2783351,1
2783301,6.08106636877312e-14
2783251,0.00031937038875185
2783001,4.90581369636109e-20
2782151,0.325993061065674
2782201,0.99896514415741
2781651,1.54421560174395e-13
NA,5.08302709818775e-13
2780951,2.33725108955696e-06
2780051,9.10700910026208e-05
2779701,1.01107798413327e-37
2779251,2.05613629421231e-12
2779001,6.44807514618151e-05
2779051,2.08852792837888e-08
2778851,3.28520229686546e-07
2778601,0.539278447628021
2778501,1.47258464590283e-17
2778201,2.75015560231844e-23
2776101,1.47258464590283e-17
2776001,1.46667660655408e-12
2775801,5.49065996477805e-23
2774951,2.70420741355082e-10
2744701,7.31768956541146e-09
2774901,0.999621987342834
2774301,3.90602036168999e-21
2774151,0.646652042865753
2772701,0.368676871061325
2772551,3.32133986261039e-20
2771051,1.23451357118837e-32
2770551,1.22295465421196e-10
2770651,3.98517158828327e-06
2769651,3.65177782488531e-18
2767751,0.880051076412201
2767501,5.49065996477805e-23
2767451,3.92609414542458e-23
2767201,1.05386467104005e-14
2767151,4.60689975056994e-08
2766851,5.03869472187612e-12
2765851,0.000416387862060219
2765051,0.910331070423126
2764651,1
2764351,0.712148368358612
2764201,1.47258464590283e-17
2763851,2.75015560231844e-23
2762801,7.01363092048268e-07
2761301,4.27087032406348e-09
NA,5.08302709818775e-13
2759701,0.999998450279236
2759451,2.75015560231844e-23
2759351,2.7241822079388e-12
2757701,6.94164247077268e-37
2757551,5.56909407478656e-10
2757301,0.999975085258484
2756951,2.67968407570152e-05
2756701,0.853912711143494
2755751,4.58150362092624e-09
2754701,0.00128057284746319
2754501,2.23885800442478e-14
2752051,0.989534676074982
2751251,9.02112731182569e-08
2750951,0.99999988079071
NA,5.08302709818775e-13
2748251,1.55701990309052e-19
2747501,1.7621083316044e-05
2746951,3.92700166333589e-26
2746651,3.15649714462297e-24
2746201,3.32133986261039e-20
2745151,0.0184988435357809
2744401,5.13873610330506e-10
2743551,0.486027836799622
2743401,0.99997353553772
NA,5.08302709818775e-13
2743101,0.000474968604976311
NA,5.08302709818775e-13
2742551,0.00494352262467146
2741501,0.960965037345886
2740301,1.13754268918652e-33
2739651,0.027073772624135
2740101,2.04428374672716e-06
2738951,1.23646363428361e-19
2738551,1.55811648028248e-07
2738351,0.715965330600739
2736901,6.85744795908376e-14
NA,5.08302709818775e-13
2734051,7.7607580084571e-11
2732551,2.75015560231844e-23
2730701,3.32133986261039e-20
2611801,0.975797593593597
2725651,1.47258464590283e-17
2723901,9.81903849606169e-06
NA,5.08302709818775e-13
2722801,0.999808371067047
2722751,2.75015560231844e-23
2722001,0.999945640563965
2721701,2.93766390768724e-07
2721551,0.414725303649902
2721351,0.725793898105621
2721151,2.42381292991922e-06
2720851,1.00121164692268e-08
2720101,1.97524369907262e-13
2719951,3.22119608764382e-10
2719601,0.00705603323876858
2719301,1.47258464590283e-17
2718901,1.21815219408407e-21
2717151,4.47309709272758e-08
2716901,2.75015560231844e-23
2716801,2.75015560231844e-23
2716301,0.999471008777618
2715701,4.72897681902396e-06
2715051,9.78333482635207e-05
2714701,0.853912711143494
2714301,2.06188459860555e-13
2714151,5.49065996477805e-23
2714201,0.379157155752182
2713301,6.18495836143818e-12
2712651,0.000978503841906786
2712251,1.20902538128098e-17
2711651,0.0896749496459961
2710451,1.18876977706073e-10
2710302,0.0859510153532028
2710351,8.2640220000485e-08
2708701,4.14672449627796e-35
2702501,2.08312880833894e-12
2702451,0.00958131160587072
2701201,1.20122258806532e-08
2704151,0.229769349098206
2704603,0.00511134974658489
2704701,0.999999642372131
2705301,0.996306300163269
2705151,0.0972028970718384
2693051,0.00293518346734345
2704401,0.000407176237786189
2704801,0.201564088463783
2704651,2.75015560231844e-23
2704501,1.82710180318679e-09
2689801,0.00306063680909574
2688551,4.56538496243497e-12
NA,5.08302709818775e-13
2704351,2.75015560231844e-23
2704451,1.49747454020188e-11
2704552,3.45895581362716e-15
2704452,0.998623967170715
2704453,1.47258464590283e-17
2704901,8.73216020487591e-27
2705051,0.000999462092295289
2704654,0.00124932383187115
2681551,0.999561369419098
2680751,1.40793697907997e-14
2704551,5.49065996477805e-23
2705101,0.984129905700684
2678451,0.000100910401670262
2677951,0.813002228736877
2704704,1.47258464590283e-17
2704553,0.0845993757247925
2704602,0.000391095149097964
2705601,5.5041704172254e-07
2675051,2.82419643227172e-10
2674051,3.11109033646062e-05
2673901,0.945710778236389
2673401,2.82214557500993e-07
2704554,0.024788036942482
2705851,4.76170665397735e-11
2704604,0.999932646751404
2704456,3.32133986261039e-20
2705452,1.47258464590283e-17
2704705,2.69576012215111e-05
2669001,5.44995771178947e-07
2704557,2.75015560231844e-23
2668201,1.38018461781583e-20
2667801,0.555863797664642
2704706,2.31623789659352e-06
2705351,0.198047652840614
NA,5.08302709818775e-13
2705251,1.60234421286987e-08
2663051,0.999989151954651
2662601,1.57953621576758e-21
2705501,9.88707613733901e-24
2705401,0.999999523162842
2660201,0.00875759869813919
2705156,8.68352653924376e-05
2705053,0.998336911201477
2704454,0.0780923068523407
2658201,0.992939472198486
2704457,3.32133986261039e-20
2705602,5.49065996477805e-23
2656851,0.898294389247894
NA,5.08302709818775e-13
2705451,1.40345785272782e-31
2705752,2.53923001599655e-32
2652601,5.91236925411888e-14
NA,5.08302709818775e-13
2704558,5.50443513279111e-24
2705751,0.00199285964481533
2705551,1.03745432383784e-11
2705951,4.58914996670501e-07
2646651,0.00767492316663265
2706251,0.0118475537747145
2705852,2.75015560231844e-23
2705901,2.42703209112972e-15
2705054,7.76775454078739e-28
2065151,3.5837601330968e-08
2705553,2.06263921427308e-05
2705555,0.250520914793015
2705056,1.26039779502207e-07
2706302,2.74559509454275e-16
2705857,5.66071695133575e-16
2706101,0.994905114173889
2705654,7.76775454078739e-28
2706155,0.000944623083341867
NA,5.08302709818775e-13
2705604,2.75015560231844e-23
NA,5.08302709818775e-13
2636701,1
NA,5.08302709818775e-13
2706201,0.873357355594635
2634601,1
2705158,0.0628894045948982
2704710,0.000112407076812815
2631051,3.49783585988916e-05
2631101,0.481219887733459
2631001,4.26218226453507e-19
NA,5.08302709818775e-13
NA,5.08302709818775e-13
NA,5.08302709818775e-13
2706301,1.97345526405273e-24
2705557,1.65904872062583e-08
2706351,8.82461196814729e-28
2706052,1.50452390008463e-25
2621251,2.93247339868685e-05
2620801,0.000140852323966101
2620751,0.0287907738238573
2706401,0.00136068044230342
2706151,1.41894955188137e-18
NA,5.08302709818775e-13
NA,5.08302709818775e-13
NA,5.08302709818775e-13
2705556,8.09539706096984e-05
2705656,1.20207216383257e-24
2617201,3.50368659866179e-13
NA,5.08302709818775e-13
2616101,0.0588739812374115
2705161,1.3343015581313e-08
2615001,1.85207980507585e-07
2614501,1.10759292210862e-28
2614351,0.999998331069946
2614301,0.785292744636536
2614251,0.00054061645641923
2613551,9.83843468219422e-38
2706053,2.40458246101189e-23
2611401,6.31149389089267e-31
2704562,3.44352521050681e-23
2705606,0.999998331069946
2704656,0.170694038271904
2705055,0.00014469216694124
2705605,1.15844569492651e-08
2705160,2.80194783123019e-31
2706058,7.03950845634702e-22
2705658,1.68681039366448e-21
NA,5.08302709818775e-13
2606151,0.0015305585693568
2605701,1.63722548991523e-24
NA,5.08302709818775e-13
NA,5.08302709818775e-13
2605751,0.999986171722412
2705165,1.50452390008463e-25
NA,5.08302709818775e-13
2706501,1.45040101619403e-25
2706156,7.00481184168211e-09
2704564,0.00120170996524394
2706157,9.18737843777755e-15
2704565,8.82461196814729e-28
2706057,1.68630165170089e-14
2706551,2.61220662878259e-08
2599551,0.0416142195463181
2706059,3.42960471853779e-22
2705561,0.000185192533535883
2706603,4.42006170395969e-28
2705657,5.81421647153642e-25
2705162,7.76657720055309e-26
2597001,0.000399157550418749
NA,5.08302709818775e-13
2596601,2.43862523348071e-05
NA,5.08302709818775e-13
2706601,7.76657720055309e-26
NA,5.08302709818775e-13
2704658,0.00250152545049787
2591301,3.44352521050681e-23
2704567,0.000371370231732726
2590501,7.63082135423387e-16
2705163,4.98904009873513e-05
2706062,0.99999988079071
2706056,5.51135087789589e-07
2704657,3.44352521050681e-23
2586401,0.999811470508575
2586151,1.13954399694194e-06
NA,5.08302709818775e-13
2706651,2.17447305821128e-12
2583301,5.93440674379053e-08
2704661,5.51135087789589e-07
2704662,7.76657720055309e-26
2704712,1.60755270206536e-10
2706701,0.999887228012085
2704660,0.994896709918976
2579651,6.21453864368959e-07
2705607,0.0187336020171642
2578501,3.05372806035098e-12
2705608,5.10378008302184e-16
2706060,0.000265463313553482
2705560,1.08996882772772e-05
2706752,2.33992563687798e-14
2570601,0.000502409529872239
2706703,8.35636052774545e-17
2706159,1.02195044893819e-23
2705610,1.03745432383784e-11
2706654,3.32757367667302e-12
2705612,1.80639747604516e-09
2706652,2.16235351879018e-17
2704713,2.46196065276261e-17
2562751,1.48127066168513e-08
2558001,0.712341845035553
2706161,0.00293258461169899
2555501,1
NA,5.08302709818775e-13
2705058,1.03745432383784e-11
NA,5.08302709818775e-13
NA,5.08302709818775e-13
2706655,9.72723114500695e-07
2704711,9.95596280972677e-08
NA,5.08302709818775e-13
2705168,7.53839319526245e-13
2548301,0.000803007802460343
2547101,0.999755799770355
2706751,6.28538045652975e-15
2706160,1.02195044893819e-23
2373801,0.997872591018677
2705057,3.79670197503401e-08
2545851,2.59030857608636e-14
2705609,0.00102590268943459
2705169,2.04028349730939e-23
2544401,0.676851332187653
2544001,2.50056871209381e-07
2314251,5.54199687030632e-05
2706163,0.749179124832153
2704570,0.0942763686180115
2706704,1
NA,5.08302709818775e-13
2704571,0.00074183417018503
2541101,2.11101616872864e-15
2540101,5.68632117392553e-07
2539751,5.10453445519688e-18
2539351,1.10507626231993e-05
NA,5.08302709818775e-13
2706064,5.09917663649162e-09
2538651,9.1317237105315e-10
2705660,4.3811402861138e-07
2706656,0.999994516372681
2533301,2.85612462500029e-14
2532851,2.04028349730939e-23
2531301,4.71626765301323e-30
2530301,8.01707922271078e-10
NA,5.08302709818775e-13
2523951,1.02195044893819e-23
2523101,0.000977046904154122
NA,5.08302709818775e-13
2522601,8.56502602175624e-09
NA,5.08302709818775e-13
NA,5.08302709818775e-13
NA,5.08302709818775e-13
2521701,4.39149152953178e-05
2521351,0.00246975035406649
NA,5.08302709818775e-13
2520801,1.02195044893819e-23
NA,5.08302709818775e-13
NA,5.08302709818775e-13
NA,5.08302709818775e-13
2520151,4.82766263303347e-05
2520501,3.42326887047481e-20
2519001,1.63579115530776e-11
2518201,2.04028349730939e-23
2517451,2.04028349730939e-23
2517001,1.55011321112397e-07
2516751,1.03745432383784e-11
2516201,0.99993884563446
2513901,2.09756221432095e-23
2513651,1.18601022336406e-08
2512551,5.93774720625591e-38
NA,5.08302709818775e-13
2511901,1.67640710202477e-08
2511551,0.0610000006854534
NA,5.08302709818775e-13
2510501,0.000556034327019006
NA,5.08302709818775e-13
NA,5.08302709818775e-13
2509301,6.27132442773863e-29
NA,5.08302709818775e-13
2507451,0.997552573680878
2505551,4.71626765301323e-30
2504551,0.00110326940193772
2503301,4.66437499735406e-10
2502801,1.32798174945492e-06
2501401,9.34644539540841e-09
NA,5.08302709818775e-13
2500651,1.29205099310553e-12
2500501,1.03389908803373e-14
2497951,1.67632913417037e-06
NA,5.08302709818775e-13
2496001,8.65120995674484e-12
NA,5.08302709818775e-13
2494151,9.25559367690719e-21
2493951,3.17682078559978e-13
2493901,0.00115892337635159
2493051,2.04028349730939e-23
2492151,1.43194077472167e-13
2491651,1.95893418131719e-13
2491401,6.27132442773863e-29
2490901,0.626891136169434
2487901,0.134857341647148
2487651,1.02195044893819e-23
NA,5.08302709818775e-13
2486301,6.21147995862453e-18
2485901,0.20867694914341
2484801,0.0220155231654644
2484301,4.71626765301323e-30
2483551,2.74719158012415e-13
2482951,2.71590835154711e-07
2481551,1.04761238204319e-13
2481401,7.54397551645525e-05
NA,5.08302709818775e-13
2480951,0.960770487785339
2480751,2.38388740917013e-15
2477301,0.00124284706544131
2475401,2.16726773884331e-24
NA,5.08302709818775e-13
2474901,0.0616983622312546
NA,5.08302709818775e-13
2474751,0.449510127305984
2474101,1.93338145493271e-09
2473551,8.16182821469173e-15
2472651,9.00472296554156e-13
2472701,2.04028349730939e-23
2472351,4.11387118814943e-10
2471401,0.99747496843338
2471351,2.41430495787608e-17
2470401,4.71626765301323e-30
2470151,4.05106703738056e-09
2469551,3.67856158274235e-28
2469201,1.88555587810058e-10
2468201,1.60238832904724e-05
2467401,1.01421759879372e-09
2467351,4.71626765301323e-30
2463901,0.000117454037535936
2462801,3.85658268286983e-14
2459301,1.9216095097363e-05
2459051,0.0001089403158403
2458851,6.27132442773863e-29
2458651,3.09607929571687e-11
2458701,4.11110931963776e-06
2457501,1.3352100722841e-06
2456701,5.1100007558702e-10
2456401,3.18388349539178e-12
NA,5.08302709818775e-13
2456001,1.24860802253046e-10
2455151,0.280944257974625
NA,5.08302709818775e-13
NA,5.08302709818775e-13
2445751,0.516216814517975
NA,5.08302709818775e-13
2443751,7.9676951258989e-08
2443351,2.04028349730939e-23
2443251,1.02195044893819e-23
NA,5.08302709818775e-13
NA,5.08302709818775e-13
NA,5.08302709818775e-13
2441901,8.67160835325842e-13
2441101,1.47645432662102e-05
2440751,1.85815703102055e-11
2438101,2.29453813872901e-16
2433201,4.71626765301323e-30
NA,5.08302709818775e-13
NA,5.08302709818775e-13
NA,5.08302709818775e-13
2432551,0.00551362847909331
2429151,5.28275583000504e-11
2427101,0.956388294696808
2424551,4.38517145084916e-06
NA,5.08302709818775e-13
NA,5.08302709818775e-13
2423451,0.000106293562566862
2423551,0
2423251,5.42318403518038e-08
2422001,2.05299319423185e-16
2421751,0.99999988079071
2421401,1.60274613025813e-10
2420501,9.51123365666717e-06
2420051,0.997527539730072
2420101,3.73598247065295e-14
2419801,1.13742248686322e-06
NA,5.08302709818775e-13
2418051,0.0005539630074054
NA,5.08302709818775e-13
2412401,1.78875816068957e-12
2411451,1.31365004563122e-05
2411151,3.27896000282268e-12
2411051,0.982464373111725
NA,5.08302709818775e-13
NA,5.08302709818775e-13
NA,5.08302709818775e-13
2408051,1
2407601,0.939569413661957
2406701,8.83939621689335e-22
NA,5.08302709818775e-13
2404051,1.02195044893819e-23
2404001,1.02195044893819e-23
2403801,0.69142884016037
2402451,1.73834890926372e-09
2402101,4.71626765301323e-30
2401851,1.38036013175302e-10
2401351,0.00186158996075392
NA,5.08302709818775e-13
2400301,5.24187533657017e-11
2396951,2.61864530060052e-09
NA,5.08302709818775e-13
2395251,6.27132442773863e-29
2395001,8.19950418673443e-09
NA,5.08302709818775e-13
2393851,1.02195044893819e-23
2393651,2.15687645695184e-12
2391651,1.61109806051662e-10
2391451,3.38626674444009e-12
2390301,3.88634369130614e-09
1984551,0.999352753162384
2389451,4.71626765301323e-30
2388351,1.25806332018641e-09
NA,5.08302709818775e-13
2388301,2.46612654893798e-23
NA,5.08302709818775e-13
NA,5.08302709818775e-13
2385301,3.27928746237455e-22
2382551,4.71626765301323e-30
2382251,0
2380451,1
2379951,2.92406561186453e-08
2379851,1.02195044893819e-23
2379701,4.97975757851599e-11
NA,5.08302709818775e-13
2377501,2.29153935410453e-11
NA,5.08302709818775e-13
2376551,0.000819968467112631
NA,5.08302709818775e-13
2376101,7.19354922851245e-11
2376051,0.998932182788849
NA,5.08302709818775e-13
2375051,9.51656966208247e-06
2372901,0
2368451,0.990112662315369
2368251,0.000333304487867281
NA,5.08302709818775e-13
2367251,0.895796239376068
NA,5.08302709818775e-13
2363701,1.76851294025893e-11
2363401,4.71626765301323e-30
NA,5.08302709818775e-13
NA,5.08302709818775e-13
2359201,0.759337484836578
NA,5.08302709818775e-13
NA,5.08302709818775e-13
2339801,8.29804264412815e-07
NA,5.08302709818775e-13
NA,5.08302709818775e-13
NA,5.08302709818775e-13
NA,5.08302709818775e-13
NA,5.08302709818775e-13
2330651,0.987179577350616
2329951,9.01620569493389e-06
NA,5.08302709818775e-13
2328501,4.27215927629732e-05
2326801,1.43267889143317e-05
2326751,0.998915314674377
NA,5.08302709818775e-13
2323601,0.136934235692024
2323151,5.03396904605324e-07
2321901,0
2321801,0
2317151,1.94434681029254e-12
2317751,1.62311275599817e-35
2315951,0.936464071273804
2311151,0.000698967720381916
NA,5.08302709818775e-13
2309401,3.87871367165686e-29
2307351,0.000555478618480265
2305951,0.850465893745422
2303601,5.13490014952822e-08
2302001,7.2010244765841e-24
2300051,2.57721324773716e-30
2298801,3.79960761485288e-19
2298501,4.69461370277389e-14
2295901,6.34439700775147e-08
2290651,1.16574068106945e-11
2288601,3.95445259654056e-14
2288151,2.2451343068057e-15
2286851,0.999737322330475
NA,5.08302709818775e-13
2283651,1.58620370172002e-08
2181901,0.000181341820280068
2281601,2.7005233604882e-09
2280551,0.999977707862854
2280401,0.984060287475586
2279351,2.96099552008996e-15
NA,5.08302709818775e-13
2275901,0.0002519752306398
NA,5.08302709818775e-13
NA,5.08302709818775e-13
2268051,0.510077357292175
2266751,1.30010965711157e-20
2266401,2.4855790994338e-18
NA,5.08302709818775e-13
2262951,0.0925826504826546
2261751,2.57721324773716e-30
2258151,1.37283890852546e-12
2256701,2.54173931901747e-10
2256501,1.3928133819896e-11
2256301,2.65980935193477e-11
NA,5.08302709818775e-13
NA,5.08302709818775e-13
NA,5.08302709818775e-13
NA,5.08302709818775e-13
NA,5.08302709818775e-13
NA,5.08302709818775e-13
NA,5.08302709818775e-13
NA,5.08302709818775e-13
2250551,7.5024531724921e-06
2250001,1.50532919462876e-08
2248351,4.7956174916095e-39
2245051,1
NA,5.08302709818775e-13
NA,5.08302709818775e-13
NA,5.08302709818775e-13
2242601,0.999942660331726
2239951,4.96297704656733e-21
NA,5.08302709818775e-13
2235901,6.94136019774305e-08
NA,5.08302709818775e-13
NA,5.08302709818775e-13
NA,5.08302709818775e-13
2230851,1.89738088333801e-26
2228401,0.077288456261158
NA,5.08302709818775e-13
2225701,5.85360845569152e-17
NA,5.08302709818775e-13
2225151,6.18085118676837e-13
2214701,5.14538252405774e-30
2211751,9.2030693235972e-20
2207651,0.000276063394267112
2207201,3.15326107239167e-12
2206851,1.89738088333801e-26
2204601,6.67681069899118e-06
NA,5.08302709818775e-13
NA,5.08302709818775e-13
2194701,5.89558158520594e-17
NA,5.08302709818775e-13
NA,5.08302709818775e-13
NA,5.08302709818775e-13
NA,5.08302709818775e-13
2186701,0.00313841854222119
2179451,1.89738088333801e-26
2178151,1.89738088333801e-26
NA,5.08302709818775e-13
2176501,0.0201822072267532
NA,5.08302709818775e-13
2173801,4.43478789422563e-21
NA,5.08302709818775e-13
NA,5.08302709818775e-13
2171001,1.89738088333801e-26
2169751,0.180878400802612
NA,5.08302709818775e-13
NA,5.08302709818775e-13
2160851,4.28443006983761e-13
2159901,1.42694412547335e-27
2159851,2.57721324773716e-30
2158701,1.42694412547335e-27
2157851,3.2487443291096e-11
2156951,1.89738088333801e-26
2153951,8.13927908893675e-05
NA,5.08302709818775e-13
2139001,1.34467449728901e-19
2134301,0.0699841305613518
2133251,1.92357743367686e-14
2128401,2.36629063991288e-24
2126151,2.00839505026806e-08
2125901,4.23780802116802e-11
2123901,0.984044313430786
2122901,1.75042735861553e-08
2118201,0.00665938248857856
2113901,0.126266732811928
2112451,3.32886833476917e-16
NA,5.08302709818775e-13
NA,5.08302709818775e-13
2107901,0.999808013439178
2107651,8.06505413493142e-05
2106851,1.88710004067616e-07
2105701,2.01303464564262e-05
2105351,4.46999820269411e-06
2096801,1.21090924949385e-05
2097051,6.07366176126368e-32
2093551,2.32753890827553e-07
2093001,8.83668776584274e-17
2091851,2.39113234101751e-07
2090801,2.96402481829261e-22
2089801,9.22653597967837e-08
NA,5.08302709818775e-13
2086101,0.0147978728637099
2082801,2.32753890827553e-07
2080651,1.66542279966819e-10
2080251,9.1000181612344e-08
2079951,4.30851507899829e-13
2076001,1.74917124695639e-06
2070351,1.75042735861553e-08
2069951,2.32753890827553e-07
2069451,2.32753890827553e-07
2066301,2.08319230108163e-16
2063751,9.8405635178606e-25
2060301,0.0119741456583142
2059801,3.07421750278536e-08
2058551,0.531481266021729
2054551,1.46035048942394e-07
2052201,1.29824492624679e-22
2052151,9.76343086791557e-24
2045701,3.32418619540531e-12
2042801,6.4210463335268e-11
NA,5.08302709818775e-13
2038801,0.000891755626071244
2037001,0.000843754271045327
NA,5.08302709818775e-13
NA,5.08302709818775e-13
2029901,3.55271447762433e-22
NA,5.08302709818775e-13
NA,5.08302709818775e-13
2026101,1.568412713366e-18
2024801,5.63398068735514e-24
2024751,1.54409335664241e-05
NA,5.08302709818775e-13
NA,5.08302709818775e-13
2021801,0.999353468418121
NA,5.08302709818775e-13
NA,5.08302709818775e-13
NA,5.08302709818775e-13
NA,5.08302709818775e-13
NA,5.08302709818775e-13
NA,5.08302709818775e-13
2012901,1.19699823386554e-08
2012651,0.000166582074598409
2703702,1.92249440560453e-19
NA,5.08302709818775e-13
2002251,0.230998322367668
NA,5.08302709818775e-13
NA,5.08302709818775e-13
NA,5.08302709818775e-13
NA,5.08302709818775e-13
NA,5.08302709818775e-13
NA,5.08302709818775e-13
NA,5.08302709818775e-13
1978451,1.84643038636523e-08
1977501,4.94446658194647e-06
NA,5.08302709818775e-13
NA,5.08302709818775e-13
NA,5.08302709818775e-13
1965501,2.14087458871859e-09
NA,5.08302709818775e-13
1956701,7.99794475439541e-13
NA,5.08302709818775e-13
NA,5.08302709818775e-13
NA,5.08302709818775e-13
NA,5.08302709818775e-13
NA,5.08302709818775e-13
NA,5.08302709818775e-13
NA,5.08302709818775e-13
NA,5.08302709818775e-13
NA,5.08302709818775e-13
NA,5.08302709818775e-13
NA,5.08302709818775e-13
NA,5.08302709818775e-13
NA,5.08302709818775e-13
NA,5.08302709818775e-13
NA,5.08302709818775e-13
NA,5.08302709818775e-13
NA,5.08302709818775e-13
NA,5.08302709818775e-13
NA,5.08302709818775e-13
NA,5.08302709818775e-13
NA,5.08302709818775e-13
1753201,1.65336173833914e-24
NA,5.08302709818775e-13
1681651,8.97317686820998e-09
NA,5.08302709818775e-13
NA,5.08302709818775e-13
NA,5.08302709818775e-13
1582851,0.805362403392792
NA,5.08302709818775e-13
1555451,8.80525166668811e-11
1443301,1.28334791930787e-14
NA,5.08302709818775e-13
NA,5.08302709818775e-13
NA,5.08302709818775e-13
NA,5.08302709818775e-13
NA,5.08302709818775e-13
NA,5.08302709818775e-13
1165351,0.171294793486595
1165251,0
489701,1
